{
  "dataset_key": "Amazon0601",
  "dataset": "dataset/Amazon0601.txt",
  "csr_dir": "dataset/Amazon0601_csr",
  "num_nodes": 403394,
  "num_edges": 2443408,
  "nnz": 4886816,
  "density": 3.003081499426488e-05,
  "method": "networkx.eigenvector_centrality",
  "graph_type": "undirected",
  "max_iter": 1000,
  "tol": 1e-06,
  "runtime_seconds": 62.79155632597394,
  "converged": true,
  "top_score": 0.4914565767061314,
  "top_node_id": 1041,
  "score_sum": 80.33957372016573
}
